"letra","CAUSA","A","NombreAfec","LSex","LInf","LSup","Triv","errad","Nin","Ninmtobs","No_CBD","No_Aph","FETAL","capitulo","Lista1","Grupo1","Lista5","ACTUALIZAC","year_modif","prinmorta","prinmorbi","lm_morbi","lm_morta","lgbd165","lOMSBeck","lgbd190","NotDiaria","NotSemanal","SistemaEspecial","birmm","poco_util","epi_morta","epi_morta_m5","Causes","CATEGORIA","CATCOD","NV0","NV1"
"A","A020","F","Enteritis debida a Salmonella","F","F","F","F","F","F","F","F","F","F","01","004","001","006","F","F","001","001"," 01E"," 01E","10","1","10","F","F","F","F","5","F","T","T","GASTRO","11","3","1"
"A","A04","F","Otras infecciones intestinales bacterianas","F","F","F","F","F","F","F","F","F","F","01","004","001","006","F","F","001","001","F","F","F","1",,"F","T","F","F","5","F","F","T","GASTRO","11","3","1"
"A","A059","F","Intoxicación alimentaria bacteriana, no especificada","F","F","F","F","F","F","F","F","F","F","01","004","001","006","F","F","001","001"," 01E"," 01E","10","1","10","F","T","F","F","5","F","T","T","GASTRO","11","3","1"
"A","A072","F","Criptosporidiosis","F","F","F","F","F","F","F","F","F","F","01","004","001","006","F","F","001","001"," 01G"," 01G","10","1","10","F","T","F","F","5","F","T","F","GASTRO","11","3","1"
"A","A080","F","Enteritis debida a rotavirus","F","F","F","F","F","T","F","F","F","F","01","004","001","006","F","F","001","001"," 01G"," 01G","10","1","10","F","T","T","F","5","T","F","F","GASTRO","11","3","1"
"A","A081","F","Gastroenteropatía aguda debida al agente de Norwalk","F","F","F","F","F","F","F","F","F","F","01","004","001","006","F","F","001","001"," 01G"," 01G","10","1","10","F","T","F","F","5","F","T","F","GASTRO","11","3","1"
"A","A083","F","Otras enteritis virales","F","F","F","F","F","F","F","F","F","F","01","004","001","006","F","F","001","001"," 01G"," 01G","10","1","10","F","T","F","F","5","F","T","F","GASTRO","11","3","1"
"A","A084","F","Infección intestinal viral, sin otra especificación","F","F","F","F","F","F","F","F","F","F","01","004","001","006","F","F","001","001"," 01G"," 01G","10","1","10","F","T","F","F","5","F","T","T","GASTRO","11","3","1"
"A","A085","F","Otras infecciones intestinales especificadas","F","F","F","F","F","F","F","F","F","F","01","004","001","006","F","F","001","001"," 01G"," 01G","10","1","10","F","T","F","F","5","F","T","F","GASTRO","11","3","1"
"A","A09","F","Otras gastroenteritis y colitis de origen infeccioso y no especificado","F","F","F","F","F","F","F","F","F","F","01","003","001","005","A","2010 CAMBIO X SUBCATEGORIAS Y CAMBIO DE TITULO","001","001"," 01H"," 01H","F","1",,"F","T","F","F","5","F","F","T","GASTRO","11","3","1"
"A","A170","F","Meningitis tuberculosa","F","028D","120A","F","F","T","F","F","F","F","01","006","001","008","F","F","003","003"," 02C"," 02C","3","2","3","F","T","T","F","5","T","F","T","OVPD","02","1","2"
"A","A19","F","Tuberculosis miliar","F","028D","120A","F","F","F","F","F","F","F","01","006","001","008","F","F","999","999","F","F","F","2",,"F","T","T","F","5","F","F","T","OVPD","02","1","2"
"A","A33X","F","Tétanos neonatal","F","000H","027D","F","F","T","F","F","F","F","01","008","001","012","F","F","163H","163H"," 46J"," 46J","16","4","16","F","T","T","F","5","T","F","F","OVPD","02","1","2"
"A","A34X","F","Tétanos obstétrico","2","010A","054A","F","F","T","T","F","F","F","01","008","001","013","F","F","157","160"," 43O"," 43O","45","4","45","F","T","T","F","5","T","F","F","OVPD","02","1","2"
"A","A35X","F","Otros tétanos","F","028D","120A","F","F","T","F","F","F","F","01","008","001","013","F","F","014","014"," 03H"," 03H","16","4","16","F","T","T","F","5","T","F","F","OVPD","02","1","2"
"A","A36","F","Difteria","F","F","F","F","F","T","F","F","F","F","01","009","001","014","F","F","010","010","F","F","F","4",,"F","T","T","F","5","F","F","F","OVPD","02","1","2"
"A","A37","F","Tos ferina [tos convulsiva]","F","F","F","F","F","T","F","F","F","F","01","010","001","015","F","F","011","011","F","F","F","4",,"F","T","T","F","5","F","F","T","OVPD","02","1","2"
"A","A481","F","Enfermedad de los legionarios","F","F","F","F","F","F","F","F","F","F","01","025","001","018","F","F","999","999"," 03Z"," 03Z","38","88","38","F","F","F","F","5","T","F","F","I&P","01","1","1"
"A","A690","F","Estomatitis ulcerativa necrotizante","F","F","F","F","F","F","F","F","F","F","01","025","001","057","F","F","999","999"," 05A"," 05A","38","88","38","F","F","F","F","5","F","F","F","DENTAL","14","3","4"
"A","A70X","F","Infeccion debida a Chlamydia psittaci","F","F","F","F","F","F","F","F","F","F","01","025","001","057","F","F","999","999"," 06R"," 06R","38","88","38","F","F","F","F","5","T","F","F","I&P","01","1","1"
"A","A95","F","Fiebre amarilla","F","F","F","F","T","T","F","F","F","F","01","016","001","031","F","F","034","034","F","F","F","3",,"F","T","F","F","5","F","F","F","OVPD","02","1","2"
"B","B05","F","Sarampión","F","F","F","F","F","T","F","F","F","F","01","018","001","035","F","F","032","032","F","F","F","4",,"F","T","T","F","5","F","F","F","OVPD","02","1","2"
"B","B06","F","Rubéola [sarampión alemán]","F","028D","120A","F","F","T","F","F","F","F","01","025","001","036","F","F","033","033","F","F","F","4",,"F","T","T","F","5","F","F","F","OVPD","02","1","2"
"B","B16","F","Hepatitis aguda tipo B","F","F","F","F","F","F","F","F","F","F","01","019","001","037","F","F","039","039","F","F","F","4",,"F","T","F","F","5","F","F","F","OVPD","02","1","2"
"B","B26","F","Parotiditis infecciosa","F","F","F","F","F","F","F","F","F","F","01","025","001","040","F","F","044","044","F","F","F","4",,"F","T","F","F","5","F","F","F","OVPD","02","1","2"
"D","D460","F","Anemia refractaria sin sideroblastos en forma de anillo, así descrita","F","F","F","F","F","F","F","F","F","T","02","047","026","096","C","2018 CAMBIO DE TITULO","999","999"," 18"," 18","79","25","79","F","F","F","F","4","F","F","F","AN","05","2","3"
"D","D461","F","Anemia refractaria con sideroblastos en forma de anillo","F","F","F","F","F","F","F","F","F","T","02","047","026","096","C","2010 CORRECCION TITULOS","999","999"," 18"," 18","79","25","79","F","F","F","F","4","F","F","F","AN","05","2","3"
"D","D463","F","Anemia refractaria con exceso de blastos con transformación","F","F","F","F","F","F","F","F","F","T","02","047","026","096","B","2010 ELIMINAR CATEGORIA","999","999"," 18"," 18","79","25","79","F","F","F","F","4","F","F","F","AN","05","2","3"
"D","D464","F","Anemia refractaria, sin otra especificación","F","F","F","F","F","F","F","F","F","T","02","047","026","096","F","F","999","999"," 18"," 18","79","25","79","F","F","F","F","4","F","F","F","AN","05","2","3"
"D","D501","F","Disfagia sideropénica","F","F","F","F","F","F","F","F","F","F","03","049","048","097","F","F","058","058"," 19A"," 19A","58","27","58","F","F","F","T","5","F","F","T","AN","05","2","3"
"D","D508","F","Otras anemias por deficiencia de hierro","F","F","F","F","F","F","F","F","F","F","03","049","048","097","F","F","058","058"," 19A"," 19A","58","27","58","F","F","F","T","5","F","F","T","AN","05","2","3"
"D","D509","F","Anemia por deficiencia de hierro sin otra especificación","F","F","F","F","F","F","F","F","F","F","03","049","048","097","F","F","058","058"," 19A"," 19A","58","27","58","F","F","F","T","5","F","F","T","AN","05","2","3"
"D","D510","F","Anemia por deficiencia de vitamina B12 debida a deficiencia del factor intrínseco","F","F","F","F","F","F","F","F","F","F","03","049","048","098","F","F","058","058"," 19B"," 19B","58","27","58","F","F","F","F","5","F","F","T","AN","05","2","3"
"D","D511","F","Anemia por deficiencia de vitamina B12 debida a mala absorción selectiva de vitamina B12 con proteinuria","F","F","F","F","F","F","F","F","F","F","03","049","048","098","F","F","058","058"," 19B"," 19B","58","27","58","F","F","F","F","5","F","F","T","AN","05","2","3"
"D","D512","F","Deficiencia de trascobalamina II","F","F","F","F","F","F","F","F","F","F","03","049","048","098","F","F","058","058"," 19B"," 19B","58","27","58","F","F","F","F","5","F","F","T","AN","05","2","3"
"D","D513","F","Otras anemias por deficiencia dietética de vitamina B12","F","F","F","F","F","F","F","F","F","F","03","049","048","098","F","F","058","058"," 19B"," 19B","58","27","58","F","F","F","F","5","F","F","T","AN","05","2","3"
"D","D518","F","Otras anemias por deficiencia de vitamina B12","F","F","F","F","F","F","F","F","F","F","03","049","048","098","F","F","058","058"," 19B"," 19B","58","27","58","F","F","F","F","5","F","F","T","AN","05","2","3"
"D","D520","F","Anemia por deficiencia dietética de folatos","F","F","F","F","F","F","F","F","F","F","03","049","048","098","F","F","058","058"," 19B"," 19B","58","27","58","F","F","F","F","5","F","F","F","AN","05","2","3"
"D","D521","F","Anemia por deficiencia de folatos inducida por drogas","F","F","F","F","F","F","F","F","F","F","03","049","048","098","F","F","058","058"," 19B"," 19B","58","27","58","F","F","F","F","5","F","F","F","AN","05","2","3"
"D","D528","F","Otras anemias por deficiencia de folatos","F","F","F","F","F","F","F","F","F","F","03","049","048","098","F","F","058","058"," 19B"," 19B","58","27","58","F","F","F","F","5","F","F","F","AN","05","2","3"
"D","D529","F","Anemia por deficiencia de folatos, sin otra especificación","F","F","F","F","F","F","F","F","F","F","03","049","048","098","F","F","058","058"," 19B"," 19B","58","27","58","F","F","F","F","5","F","F","F","AN","05","2","3"
"D","D531","F","Otras anemias megaloblásticas, no clasificadas en otra parte","F","F","F","F","F","F","F","F","F","F","03","049","048","098","F","F","058","058"," 19B"," 19B","58","27","58","F","F","F","F","5","F","F","F","AN","05","2","3"
"D","D571","F","Anemia falciforme sin crisis","F","F","F","F","F","F","F","F","F","F","03","049","048","098","F","F","058","058"," 19B"," 19B","58","88","58","F","F","F","F","5","F","F","F","AN","05","2","3"
"D","D580","F","Esferocitosis hereditaria","F","F","F","F","F","F","F","F","F","F","03","049","048","098","F","F","058","058"," 19B"," 19B","58","88","58","F","F","F","F","5","F","F","F","AN","05","2","3"
"D","D581","F","Eliptocitosis hereditaria","F","F","F","F","F","F","F","F","F","F","03","049","048","098","F","F","058","058"," 19B"," 19B","58","88","58","F","F","F","F","5","F","F","F","AN","05","2","3"
"D","D590","F","Anemia hemolítica autoinmune inducida por drogas","F","F","F","F","F","F","F","F","F","F","03","049","048","098","F","F","058","058"," 19B"," 19B","58","88","58","F","F","F","F","5","F","F","F","AN","05","2","3"
"D","D591","F","Otras anemias hemolíticas autoinmunes","F","F","F","F","F","F","F","F","F","F","03","049","048","098","F","F","058","058"," 19B"," 19B","58","88","58","F","F","F","F","5","F","F","F","AN","05","2","3"
"D","D592","F","Anemia hemolítica no autoinmune inducida por drogas","F","F","F","F","F","F","F","F","F","F","03","049","048","098","F","F","058","058"," 19B"," 19B","58","88","58","F","F","F","F","5","F","F","F","AN","05","2","3"
"D","D599","F","Anemia hemolítica adquirida, sin otra especificación","F","F","F","F","F","F","F","F","F","F","03","049","048","098","F","F","058","058"," 19B"," 19B","58","88","58","F","F","F","F","5","F","F","F","AN","05","2","3"
"D","D601","F","Aplasia transitoria adquirida, exclusiva de la serie roja","F","F","F","F","F","F","F","F","F","F","03","049","048","098","F","F","058","058"," 19B"," 19B","58","88","58","F","F","F","F","5","F","F","F","AN","05","2","3"
"D","D608","F","Otras aplasias adquiridas, exclusivas de la serie roja","F","F","F","F","F","F","F","F","F","F","03","049","048","098","F","F","058","058"," 19B"," 19B","58","88","58","F","F","F","F","5","F","F","F","AN","05","2","3"
"D","D610","F","Anemia aplástica constitucional","F","F","F","F","F","F","F","F","F","F","03","049","048","098","F","F","058","058"," 19B"," 19B","58","88","58","F","F","F","F","5","F","F","F","AN","05","2","3"
"D","D611","F","Anemia aplástica inducida por drogas","F","F","F","F","F","F","F","F","F","F","03","049","048","098","F","F","058","058"," 19B"," 19B","58","88","58","F","F","F","F","5","F","F","F","AN","05","2","3"
"D","D640","F","Anemia sideroblástica hereditaria","F","F","F","F","F","F","F","F","F","F","03","049","048","098","F","F","058","058"," 19B"," 19B","58","88","58","F","F","F","F","5","F","F","F","AN","05","2","3"
"D","D641","F","Anemia sideroblástica secundaria a otra enfermedad","F","F","F","F","F","F","F","F","F","F","03","049","048","098","F","F","058","058"," 19B"," 19B","58","88","58","F","F","F","F","5","F","F","F","AN","05","2","3"
"D","D642","F","Anemia sideroblástica secundaria, debida a drogas y toxinas","F","F","F","F","F","F","F","F","F","F","03","049","048","098","F","F","058","058"," 19B"," 19B","58","88","58","F","F","F","F","5","F","F","F","AN","05","2","3"
"D","D643","F","Otras anemias sideroblásticas","F","F","F","F","F","F","F","F","F","F","03","049","048","098","F","F","058","058"," 19B"," 19B","58","88","58","F","F","F","F","5","F","F","F","AN","05","2","3"
"D","D644","F","Anemia diseritropoyética congénita","F","F","F","F","F","F","F","F","F","F","03","049","048","098","F","F","058","058"," 19B"," 19B","58","88","58","F","F","F","F","5","F","F","F","AN","05","2","3"
"D","D648","F","Otras anemias especificadas","F","F","F","F","F","F","F","F","F","F","03","049","048","098","F","F","058","058"," 19B"," 19B","58","88","58","F","F","F","F","5","F","F","F","AN","05","2","3"
"E","E10","F","Diabetes mellitus tipo 1","F","028D","120A","F","F","F","F","F","F","F","04","052","051","104","F","F","061","061","F","F","F","26",,"F","T","F","F","5","F","F","F","DC","03","2","1"
"E","E100","F","Diabetes mellitus tipo 1, con coma","F","028D","120A","F","F","F","F","F","F","F","04","052","051","104","F","F","061","061"," 20D"," 20D","80","26","80","F","T","F","F","5","F","F","T","DC","03","2","1"
"E","E101","F","Diabetes mellitus tipo 1, con cetoacidosis","F","028D","120A","F","F","F","F","F","F","F","04","052","051","104","F","F","061","061"," 20D"," 20D","80","26","80","F","T","F","F","5","F","F","T","DC","03","2","1"
"E","E102","F","Diabetes mellitus tipo 1, con complicaciones renales","F","028D","120A","F","F","F","F","F","F","F","04","052","051","104","F","F","061","061"," 20D"," 20D","80","26","80","F","T","F","F","5","F","F","F","DC","03","2","1"
"E","E103","F","Diabetes mellitus tipo 1, con complicaciones oftálmicas","F","028D","120A","F","F","F","F","F","F","F","04","052","051","104","F","F","061","061"," 20D"," 20D","80","26","80","F","T","F","F","5","F","F","T","DC","03","2","1"
"E","E104","F","Diabetes mellitus tipo 1, con complicaciones neurológicas","F","028D","120A","F","F","F","F","F","F","F","04","052","051","104","F","F","061","061"," 20D"," 20D","80","26","80","F","T","F","F","5","F","F","T","DC","03","2","1"
"E","E105","F","Diabetes mellitus tipo 1, con complicaciones circulatorias periféricas","F","028D","120A","F","F","F","F","F","F","F","04","052","051","104","F","F","061","061"," 20D"," 20D","80","26","80","F","T","F","F","5","F","F","T","DC","03","2","1"
"E","E106","F","Diabetes mellitus tipo 1, con otras complicaciones especificadas","F","028D","120A","F","F","F","F","F","F","F","04","052","051","104","F","F","061","061"," 20D"," 20D","80","26","80","F","T","F","F","5","F","F","F","DC","03","2","1"
"E","E107","F","Diabetes mellitus tipo 1, con complicaciones múltiples","F","028D","120A","F","F","F","F","F","F","F","04","052","051","104","F","F","061","061"," 20D"," 20D","80","26","80","F","T","F","F","5","F","F","F","DC","03","2","1"
"E","E108","F","Diabetes mellitus tipo 1, con complicaciones no especificadas","F","028D","120A","F","F","F","F","F","F","F","04","052","051","104","F","F","061","061"," 20D"," 20D","80","26","80","F","T","F","F","5","F","F","F","DC","03","2","1"
"E","E11","F","Diabetes mellitus tipo 2","F","028D","120A","F","F","F","F","F","F","F","04","052","051","104","F","F","061","061","F","F","F","26",,"F","T","F","F","5","F","F","F","DC","03","2","1"
"E","E110","F","Diabetes mellitus tipo 2, con coma","F","028D","120A","F","F","F","F","F","F","F","04","052","051","104","F","F","061","061"," 20D"," 20D","80","26","80","F","T","F","F","5","F","F","T","DC","03","2","1"
"E","E111","F","Diabetes mellitus tipo 2, con cetoacidosis","F","028D","120A","F","F","F","F","F","F","F","04","052","051","104","F","F","061","061"," 20D"," 20D","80","26","80","F","T","F","F","5","F","F","T","DC","03","2","1"
"E","E112","F","Diabetes mellitus tipo 2, con complicaciones renales","F","028D","120A","F","F","F","F","F","F","F","04","052","051","104","F","F","061","061"," 20D"," 20D","80","26","80","F","T","F","F","5","F","F","F","DC","03","2","1"
"E","E113","F","Diabetes mellitus tipo 2, con complicaciones oftálmicas","F","028D","120A","F","F","F","F","F","F","F","04","052","051","104","F","F","061","061"," 20D"," 20D","80","26","80","F","T","F","F","5","F","F","T","DC","03","2","1"
"E","E114","F","Diabetes mellitus tipo 2, con complicaciones neurológicas","F","028D","120A","F","F","F","F","F","F","F","04","052","051","104","F","F","061","061"," 20D"," 20D","80","26","80","F","T","F","F","5","F","F","T","DC","03","2","1"
"E","E115","F","Diabetes mellitus tipo 2, con complicaciones circulatorias periféricas","F","028D","120A","F","F","F","F","F","F","F","04","052","051","104","F","F","061","061"," 20D"," 20D","80","26","80","F","T","F","F","5","F","F","T","DC","03","2","1"
"E","E116","F","Diabetes mellitus tipo 2, con otras complicaciones especificadas","F","028D","120A","F","F","F","F","F","F","F","04","052","051","104","F","F","061","061"," 20D"," 20D","80","26","80","F","T","F","F","5","F","F","F","DC","03","2","1"
"E","E117","F","Diabetes mellitus tipo 2, con complicaciones múltiples","F","028D","120A","F","F","F","F","F","F","F","04","052","051","104","F","F","061","061"," 20D"," 20D","80","26","80","F","T","F","F","5","F","F","F","DC","03","2","1"
"E","E118","F","Diabetes mellitus tipo 2, con complicaciones no especificadas","F","028D","120A","F","F","F","F","F","F","F","04","052","051","104","F","F","061","061"," 20D"," 20D","80","26","80","F","T","F","F","5","F","F","F","DC","03","2","1"
"E","E12","F","Diabetes mellitus asociada con desnutrición","F","028D","120A","F","F","F","F","F","F","F","04","052","051","104","F","F","061","061","F","F","F","26",,"F","T","F","F","5","F","F","F","DC","03","2","1"
"E","E120","F","Diabetes mellitus asociada con desnutrición, con coma","F","028D","120A","F","F","F","F","F","F","F","04","052","051","104","F","F","061","061"," 20D"," 20D","80","26","80","F","T","F","F","5","F","F","T","DC","03","2","1"
"E","E121","F","Diabetes mellitus asociada con desnutrición, con cetoacidosis","F","028D","120A","F","F","F","F","F","F","F","04","052","051","104","F","F","061","061"," 20D"," 20D","80","26","80","F","T","F","F","5","F","F","T","DC","03","2","1"
"E","E122","F","Diabetes mellitus asociada con desnutrición, con complicaciones renales","F","028D","120A","F","F","F","F","F","F","F","04","052","051","104","F","F","061","061"," 20D"," 20D","80","26","80","F","T","F","F","5","F","F","F","DC","03","2","1"
"E","E123","F","Diabetes mellitus asociada con desnutrición, con complicaciones oftálmicas","F","028D","120A","F","F","F","F","F","F","F","04","052","051","104","F","F","061","061"," 20D"," 20D","80","26","80","F","T","F","F","5","F","F","T","DC","03","2","1"
"E","E124","F","Diabetes mellitus asociada con desnutrición, con complicaciones neurológicas","F","028D","120A","F","F","F","F","F","F","F","04","052","051","104","F","F","061","061"," 20D"," 20D","80","26","80","F","T","F","F","5","F","F","T","DC","03","2","1"
"E","E126","F","Diabetes mellitus asociada con desnutrición, con otras complicaciones especificadas","F","028D","120A","F","F","F","F","F","F","F","04","052","051","104","F","F","061","061"," 20D"," 20D","80","26","80","F","T","F","F","5","F","F","F","DC","03","2","1"
"E","E127","F","Diabetes mellitus asociada con desnutrición, con complicaciones múltiples","F","028D","120A","F","F","F","F","F","F","F","04","052","051","104","F","F","061","061"," 20D"," 20D","80","26","80","F","T","F","F","5","F","F","F","DC","03","2","1"
"E","E128","F","Diabetes mellitus asociada con desnutrición, con complicaciones no especificadas","F","028D","120A","F","F","F","F","F","F","F","04","052","051","104","F","F","061","061"," 20D"," 20D","80","26","80","F","T","F","F","5","F","F","F","DC","03","2","1"
"E","E13","F","Otras diabetes mellitus especificadas","F","028D","120A","F","F","F","F","F","F","F","04","052","051","104","F","F","061","061","F","F","F","26",,"F","T","F","F","5","F","F","F","DC","03","2","1"
"E","E130","F","Otras diabetes mellitus especificadas, con coma","F","028D","120A","F","F","F","F","F","F","F","04","052","051","104","F","F","061","061"," 20D"," 20D","80","26","80","F","T","F","F","5","F","F","T","DC","03","2","1"
"E","E131","F","Otras Diabetes mellitus especificadas, con cetoacidosis","F","028D","120A","F","F","F","F","F","F","F","04","052","051","104","F","F","061","061"," 20D"," 20D","80","26","80","F","T","F","F","5","F","F","T","DC","03","2","1"
"E","E132","F","Otras diabetes mellitus especificadas, con complicaciones renales","F","028D","120A","F","F","F","F","F","F","F","04","052","051","104","F","F","061","061"," 20D"," 20D","80","26","80","F","T","F","F","5","F","F","F","DC","03","2","1"
"E","E133","F","Otras diabetes mellitus especificadas, con complicaciones oftálmicas","F","028D","120A","F","F","F","F","F","F","F","04","052","051","104","F","F","061","061"," 20D"," 20D","80","26","80","F","T","F","F","5","F","F","F","DC","03","2","1"
"E","E134","F","Otras diabetes mellitus especificadas, con complicaciones neurológicas","F","028D","120A","F","F","F","F","F","F","F","04","052","051","104","F","F","061","061"," 20D"," 20D","80","26","80","F","T","F","F","5","F","F","T","DC","03","2","1"
"E","E135","F","Otras diabetes mellitus especificadas, con complicaciones circulatorias periféricas","F","028D","120A","F","F","F","F","F","F","F","04","052","051","104","F","F","061","061"," 20D"," 20D","80","26","80","F","T","F","F","5","F","F","T","DC","03","2","1"
"E","E136","F","Otras diabetes mellitus especificadas, con otras complicaciones especificadas","F","028D","120A","F","F","F","F","F","F","F","04","052","051","104","F","F","061","061"," 20D"," 20D","80","26","80","F","T","F","F","5","F","F","F","DC","03","2","1"
"E","E137","F","Otras diabetes mellitus especificadas, con complicaciones múltiples","F","028D","120A","F","F","F","F","F","F","F","04","052","051","104","F","F","061","061"," 20D"," 20D","80","26","80","F","T","F","F","5","F","F","F","DC","03","2","1"
"E","E138","F","Otras diabetes mellitus especificadas, con complicaciones no especificadas","F","028D","120A","F","F","F","F","F","F","F","04","052","051","104","F","F","061","061"," 20D"," 20D","80","26","80","F","T","F","F","5","F","F","F","DC","03","2","1"
"E","E139","F","Otras diabetes mellitus especificadas, sin mención de complicación","F","028D","120A","F","F","F","F","F","F","F","04","052","051","104","F","F","061","061"," 20D"," 20D","80","26","80","F","T","F","F","5","F","F","F","DC","03","2","1"
"E","E14","F","Diabetes mellitus, no especificada","F","028D","120A","F","F","F","F","F","F","F","04","052","051","104","F","F","061","061","F","F","F","26",,"F","T","F","F","5","F","F","F","DC","03","2","1"
"E","E140","F","Diabetes mellitus no especificada, con coma","F","028D","120A","F","F","F","F","F","F","F","04","052","051","104","F","F","061","061"," 20D"," 20D","80","26","80","F","T","F","F","5","F","F","T","DC","03","2","1"
"E","E141","F","Diabetes mellitus no especificada, con cetoacidosis","F","028D","120A","F","F","F","F","F","F","F","04","052","051","104","F","F","061","061"," 20D"," 20D","80","26","80","F","T","F","F","5","F","F","T","DC","03","2","1"
"E","E142","F","Diabetes mellitus no especificada, con complicaciones renales","F","028D","120A","F","F","F","F","F","F","F","04","052","051","104","F","F","061","061"," 20D"," 20D","80","26","80","F","T","F","F","5","F","F","F","DC","03","2","1"
"E","E143","F","Diabetes mellitus no especificada, con complicaciones oftálmicas","F","028D","120A","F","F","F","F","F","F","F","04","052","051","104","F","F","061","061"," 20D"," 20D","80","26","80","F","T","F","F","5","F","F","T","DC","03","2","1"
"E","E144","F","Diabetes mellitus no especificada, con complicaciones neurológicas","F","028D","120A","F","F","F","F","F","F","F","04","052","051","104","F","F","061","061"," 20D"," 20D","80","26","80","F","T","F","F","5","F","F","T","DC","03","2","1"
"E","E145","F","Diabetes mellitus no especificada, con complicaciones circulatorias periféricas","F","028D","120A","F","F","F","F","F","F","F","04","052","051","104","F","F","061","061"," 20D"," 20D","80","26","80","F","T","F","F","5","F","F","T","DC","03","2","1"
"E","E146","F","Diabetes mellitus no especificada, con otras complicaciones especificadas","F","028D","120A","F","F","F","F","F","F","F","04","052","051","104","F","F","061","061"," 20D"," 20D","80","26","80","F","T","F","F","5","F","F","F","DC","03","2","1"
"E","E147","F","Diabetes mellitus no especificada, con complicaciones múltiples","F","028D","120A","F","F","F","F","F","F","F","04","052","051","104","F","F","061","061"," 20D"," 20D","80","26","80","F","T","F","F","5","F","F","F","DC","03","2","1"
"E","E148","F","Diabetes mellitus no especificada, con complicaciones no especificadas","F","028D","120A","F","F","F","F","F","F","F","04","052","051","104","F","F","061","061"," 20D"," 20D","80","26","80","F","T","F","F","5","F","F","F","DC","03","2","1"
"E","E149","F","Diabetes mellitus no especificada, sin mención de complicación","F","028D","120A","F","F","F","F","F","F","F","04","052","051","104","F","F","061","061"," 20D"," 20D","80","26","80","F","T","F","F","5","F","F","F","DC","03","2","1"
"E","E40X","F","Kwashiorkor","F","F","F","F","F","F","F","F","F","F","04","053","051","105","F","F","066","066"," 21A"," 21A","55","27","55","F","T","F","F","5","F","F","T","NUT","04","2","2"
"E","E41X","F","Marasmo nutricional","F","F","F","F","F","F","F","F","F","F","04","053","051","105","F","F","066","066"," 21B"," 21B","55","27","55","F","T","F","F","5","F","F","T","NUT","04","2","2"
"E","E42X","F","Kwashiorkor marasmático","F","F","F","F","F","F","F","F","F","F","04","053","051","105","F","F","066","066"," 21A"," 21A","55","27","55","F","T","F","F","5","F","F","T","NUT","04","2","2"
"E","E43X","F","Desnutrición proteicocalórica severa, no especificada","F","F","F","F","F","F","F","F","F","F","04","053","051","105","F","F","066","066"," 21C"," 21C","55","27","55","F","T","F","F","5","F","F","T","NUT","04","2","2"
"E","E550","F","Raquitismo activo","F","F","F","F","F","F","F","F","F","F","04","054","051","107","F","F","066","066"," 21E"," 21E","59","27","59","F","F","F","F","5","F","F","F","NUT","04","2","2"
"E","E643","F","Secuelas del raquitismo","F","001A","120A","F","F","F","F","F","F","F","04","054","051","108","F","F","066","066"," 21F"," 21F","59","27","59","F","F","F","F","5","F","F","T","NUT","04","2","2"
"E","E86X","F","Depleción del volumen","F","028D","120A","F","F","F","F","F","F","F","04","054","051","110","F","F","064","064"," 20G"," 20G","81","28","81","F","F","F","T","2","F","F","F","GASTRO","11","3","1"
"G","G000","F","Meningitis por hemófilos","F","F","F","F","F","T","F","F","F","F","06","059","058","120","F","F","076","076"," 23A"," 23A","17","5","17","F","T","T","F","5","T","F","T","OVPD","02","1","2"
"G","G253","F","Mioclonía","F","F","F","F","F","F","F","F","F","F","06","061","058","129","F","F","999","999"," 23Z"," 23Z","98","88","98","F","F","F","F","5","F","F","F","EPILEP","12","3","2"
"G","G40","F","Epilepsia","F","F","F","F","F","F","F","F","F","F","06","061","058","124","F","F","081","081","F","F","F","32",,"F","F","F","F","5","F","F","T","EPILEP","12","3","2"
"G","G41","F","Estado de mal epiléptico","F","F","F","F","F","F","F","F","F","F","06","061","058","124","F","F","081","081","F","F","F","32",,"F","F","F","F","5","F","F","F","EPILEP","12","3","2"
"H","H66","F","Otitis media supurativa y la no especificada","F","F","F","F","F","F","F","F","F","F","08","063","063","140","F","F","095","095","F","F","F","88",,"F","F","F","F","1","F","F","T","EN&T INFEC","13","3","3"
"H","H67","F","Otitis media en enfermedades clasificadas en otra parte","F","F","F","F","F","F","F","T","F","F","08","063","F","140","F","F","999","095","25A","F","F","88",,"F","F","F","F","1","F","F","F","EN&T INFEC","13","3","3"
"I","I10X","F","Hipertensión esencial (primaria)","F","028D","120A","F","F","F","F","F","F","F","09","066","064","145","F","F","097B","097B"," 27B"," 27B","107","34","107","F","T","T","T","1","F","F","T","HYPERT","06","2","4"
"I","I110","F","Enfermedad cardíaca hipertensiva con insuficiencia cardíaca (congestiva)","F","028D","120A","F","F","F","F","F","F","F","09","066","064","146","F","F","097B","097B"," 27A"," 27A","107","34","107","F","T","T","T","5","F","F","F","HEART","07","2","5"
"I","I119","F","Enfermedad cardíaca hipertensiva sin insuficiencia cardíaca (congestiva)","F","028D","120A","F","F","F","F","F","F","F","09","066","064","146","F","F","097B","097B"," 27A"," 27A","107","34","107","F","T","T","T","5","F","F","F","HYPERT","06","2","4"
"I","I130","F","Enfermedad cardiorrenal hipertensiva con insuficiencia cardíaca (congestiva)","F","028D","120A","F","F","F","F","F","F","F","09","066","064","146","F","F","097B","097B"," 27A"," 27A","107","34","107","F","T","T","T","5","F","F","F","HEART","07","2","5"
"I","I20","F","Angina de pecho","F","020A","120A","F","F","F","F","F","F","F","09","067","064","148","F","F","097C","097C","F","F","F","35",,"F","T","F","F","5","F","F","T","ANG","08","2","6"
"I","I240","F","Trombosis coronaria que no resulta en infarto del miocardio","F","015A","120A","F","F","F","F","T","F","F","09","067","F","148","F","F","097C","097C"," 28Z"," 28Z","108","35","108","F","F","F","F","5","F","F","F","ANG","08","2","6"
"I","I248","F","Otras formas de enfermedad isquémica aguda del corazón","F","015A","120A","F","F","F","F","F","F","F","09","067","064","148","F","F","097C","097C"," 28Z"," 28Z","108","35","108","F","F","F","F","5","F","F","F","ANG","08","2","6"
"I","I249","F","Enfermedad isquémica aguda del corazón, no especificada","F","015A","120A","F","F","F","F","F","F","F","09","067","064","148","F","F","097C","097C"," 28Z"," 28Z","108","35","108","F","F","F","F","5","F","F","T","ANG","08","2","6"
"I","I25","F","Enfermedad isquémica crónica del corazón","F","015A","120A","F","F","F","F","F","F","F","09","067","064","148","F","F","097C","097C","F","F","F","35",,"F","F","F","F","5","F","F","F","ANG","08","2","6"
"I","I255","F","Cardiomiopatía isquémica","F","015A","120A","F","F","F","F","F","F","F","09","067","064","148","F","F","097C","097C"," 28Z"," 28Z","108","35","108","F","F","F","F","5","F","F","F","HEART","07","2","5"
"I","I50","F","Insuficiencia cardíaca","F","028D","120A","F","F","F","F","F","F","F","09","068","064","151","F","F","097D","097D","F","F","F","41",,"F","F","F","F","2","F","F","T","HEART","07","2","5"
"I","I891","F","Linfangitis","F","F","F","F","F","F","F","F","F","F","09","071","064","164","F","F","999","999"," 31Z"," 31Z","111","88","111","F","F","F","F","5","F","F","F","CELL","18","3","8"
"J","J02","F","Faringitis aguda","F","F","F","F","F","F","F","F","F","F","10","077","072","165","F","F","104","104","F","F","F","45",,"F","T","F","F","5","F","T","T","EN&T INFEC","13","3","3"
"J","J03","F","Amigdalitis aguda","F","F","F","F","F","F","F","F","F","F","10","077","072","165","F","F","104","104","F","F","F","45",,"F","T","F","F","5","F","T","T","EN&T INFEC","13","3","3"
"J","J040","F","Laringitis aguda","F","F","F","F","F","F","F","F","F","F","10","077","072","166","F","F","104","104"," 32C"," 32C","41","45","41","F","T","F","F","5","F","T","T","EN&T INFEC","13","3","3"
"J","J06","F","Infecciones agudas de las vías respiratorias superiores, de sitios múltiples o no especificados","F","F","F","T","F","F","F","F","F","F","10","077","072","167","F","F","104","104","F","F","F","45",,"F","T","F","F","5","F","T","T","EN&T INFEC","13","3","3"
"J","J10","F","Influenza debida a otro virus de la influenza estacional identificado","F","F","F","F","F","T","F","F","F","F","10","073","072","168","C","2006 MODIFICACION TITULO / 2018 CAMBIO DE TITULO","105","105","F","F","F","46",,"F","T","T","F","5","T","F","T","I&P","01","1","1"
"J","J11","F","Influenza debida a virus no identificado","F","F","F","F","F","T","F","F","F","F","10","073","072","168","F","F","105","105","F","F","F","46",,"F","T","T","F","5","T","F","T","I&P","01","1","1"
"J","J120","F","Neumonía debida a adenovirus","F","F","F","F","F","F","F","F","F","F","10","074","072","169","F","F","105","105"," 33B"," 33B","40","46","40","F","T","F","F","5","F","T","T","I&P","01","1","1"
"J","J122","F","Neumonía debida a virus parainfluenza","F","F","F","F","F","F","F","F","F","F","10","074","072","169","F","F","105","105"," 33B"," 33B","40","46","40","F","T","F","F","5","F","T","T","I&P","01","1","1"
"J","J128","F","Neumonía debida a otros virus","F","F","F","F","F","F","F","F","F","F","10","074","072","169","F","F","105","105"," 33B"," 33B","40","46","40","F","T","F","F","5","F","T","T","I&P","01","1","1"
"J","J129","F","Neumonía viral, no especificada","F","F","F","F","F","F","F","F","F","F","10","074","072","169","F","F","105","105"," 33B"," 33B","40","46","40","F","T","F","F","5","F","T","T","I&P","01","1","1"
"J","J13X","F","Neumonía debida a Streptococcus pneumoniae","F","F","F","F","F","T","F","F","F","F","10","074","072","169","F","F","105","105"," 33B"," 33B","40","46","40","F","T","F","F","5","T","F","T","I&P","01","1","1"
"J","J14X","F","Neumonía debida a Haemophilus influenzae","F","F","F","F","F","F","F","F","F","F","10","074","072","169","F","F","105","105"," 33B"," 33B","40","46","40","F","T","F","F","5","F","T","T","I&P","01","1","1"
"J","J153","F","Neumonía debida a estreptococos del grupo B","F","F","F","F","F","F","F","F","F","F","10","074","072","169","F","F","105","105"," 33B"," 33B","40","46","40","F","T","F","F","5","F","T","T","I&P","01","1","1"
"J","J154","F","Neumonía debida a otros estreptococos","F","F","F","F","F","F","F","F","F","F","10","074","072","169","F","F","105","105"," 33B"," 33B","40","46","40","F","T","F","F","5","F","T","T","I&P","01","1","1"
"J","J157","F","Neumonía debida a Mycoplasma pneumoniae","F","F","F","F","F","F","F","F","F","F","10","074","072","169","F","F","105","105"," 33B"," 33B","40","46","40","F","T","F","F","5","F","T","T","I&P","01","1","1"
"J","J159","F","Neumonía bacteriana, no especificada","F","F","F","F","F","F","F","F","F","F","10","074","072","169","F","F","105","105"," 33B"," 33B","40","46","40","F","T","F","F","5","F","T","T","I&P","01","1","1"
"J","J160","F","Neumonía debida a clamidias","F","028D","120A","F","F","F","F","F","F","F","10","074","072","169","F","F","105","105"," 33B"," 33B","40","46","40","F","T","F","F","5","F","T","T","I&P","01","1","1"
"J","J18","F","Neumonía, organismo no especificado","F","F","F","F","F","F","F","F","F","F","10","074","072","169","F","F","105","105","F","F","F","46",,"F","T","F","F","5","F","T","T","I&P","01","1","1"
"J","J181","F","Neumonía lobar, no especificada","F","F","F","F","F","F","F","F","F","F","10","074","072","169","F","F","105","105"," 33B"," 33B","40","46","40","F","T","F","T","5","F","T","T","I&P","01","1","1"
"J","J189","F","Neumonía, no especificada","F","028D","120A","F","F","F","F","F","F","F","10","074","072","169","F","F","105","105"," 33B"," 33B","40","46","40","F","T","F","T","5","F","T","T","I&P","01","1","1"
"J","J20","F","Bronquitis aguda","F","F","F","F","F","F","F","F","F","F","10","075","072","170","F","F","104A","104A","F","F","F","45",,"F","T","F","F","5","F","F","T","COPD","09","2","7"
"J","J21","F","Bronquiolitis aguda","F","F","F","F","F","F","F","F","F","F","10","075","072","170","F","F","104A","104A","F","F","F","45",,"F","T","F","F","5","F","T","T","I&P","01","1","1"
"J","J312","F","Faringitis crónica","F","028D","120A","F","F","F","F","F","F","F","10","077","072","172","F","F","107","107"," 32F"," 32F","115","88","115","F","F","F","F","5","F","F","F","EN&T INFEC","13","3","3"
"J","J40X","F","Bronquitis, no especificada como aguda o crónica","F","015A","120A","F","F","F","F","F","F","F","10","076","072","175","F","F","110","110"," 33D"," 33D","113","47","113","F","F","F","F","5","F","F","F","COPD","09","2","7"
"J","J41","F","Bronquitis crónica simple y mucopurulenta","F","028D","120A","F","F","F","F","F","F","F","10","076","072","175","F","F","110","110","F","F","F","47",,"F","F","F","F","5","F","F","F","COPD","09","2","7"
"J","J42X","F","Bronquitis crónica no especificada","F","028D","120A","F","F","F","F","F","F","F","10","076","072","175","F","F","110","110"," 33D"," 33D","113","47","113","F","F","F","F","5","F","F","F","COPD","09","2","7"
"J","J43","F","Enfisema","F","028D","120A","F","F","F","F","F","F","F","10","076","072","175","F","F","110","110","F","F","F","47",,"F","F","F","F","5","F","F","F","COPD","09","2","7"
"J","J44","F","Otras enfermedades pulmonares obstructivas crónicas","F","028D","120A","F","F","F","F","F","F","F","10","076","072","175","F","F","113","113","F","F","F","47",,"F","F","F","F","5","F","F","T","COPD","09","2","7"
"J","J45","F","Asma","F","F","F","F","F","F","F","F","F","F","10","076","072","176","F","F","110","110","F","F","F","47",,"F","T","F","F","5","F","F","T","ASTH","10","2","8"
"J","J46X","F","Estado asmático","F","F","F","F","F","F","F","F","F","F","10","076","072","176","F","F","110","110"," 33E"," 33E","114","47","114","F","T","F","F","5","F","F","T","ASTH","10","2","8"
"J","J47X","F","Bronquiectasia","F","F","F","F","F","F","F","F","F","F","10","076","072","177","F","F","112","112"," 33F"," 33F","115","47","115","F","F","F","F","5","F","F","F","COPD","09","2","7"
"K","K02","F","Caries dental","F","006M","120A","T","F","F","F","F","F","F","11","081","078","180","F","F","115","115","F","F","F","88",,"F","F","F","F","1","F","F","T","DENTAL","14","3","4"
"K","K03","F","Otras enfermedades de los tejidos duros de los dientes","F","006M","120A","T","F","F","F","F","F","F","11","081","078","181","F","F","999","999","F","F","F","88",,"F","F","F","F","1","F","F","F","DENTAL","14","3","4"
"K","K04","F","Enfermedades de la pulpa y de los tejidos periapicales","F","006M","120A","T","F","F","F","F","F","F","11","081","078","181","F","F","999","999","F","F","F","88",,"F","F","F","F","1","F","F","F","DENTAL","14","3","4"
"K","K05","F","Gingivitis y enfermedades periodontales","F","F","F","T","F","F","F","F","F","F","11","081","078","181","F","F","999","999","F","F","F","88",,"F","T","T","F","1","F","F","F","DENTAL","14","3","4"
"K","K06","F","Otros trastornos de la encía y de la zona edéntula","F","F","F","T","F","F","F","F","F","F","11","081","078","181","F","F","999","999","F","F","F","88",,"F","F","F","F","1","F","F","F","DENTAL","14","3","4"
"K","K08","F","Otros trastornos de los dientes y de sus estructuras de sostén","F","F","F","T","F","F","F","F","F","F","11","081","078","181","F","F","999","999","F","F","F","88",,"F","F","F","F","1","F","F","F","DENTAL","14","3","4"
"K","K098","F","Otros quistes de la región bucal, no clasificados en otra parte","F","F","F","T","F","F","F","F","F","F","11","081","078","182","F","F","999","999"," 34Z"," 34Z","148","88","148","F","F","F","F","1","F","F","F","DENTAL","14","3","4"
"K","K099","F","Quiste de la región bucal, sin otra especificación","F","F","F","T","F","F","F","F","F","F","11","081","078","182","F","F","999","999"," 34Z"," 34Z","148","88","148","F","F","F","F","1","F","F","F","DENTAL","14","3","4"
"K","K12","F","Estomatitis y lesiones afines","F","F","F","F","F","F","F","F","F","F","11","081","078","182","F","F","999","999","F","F","F","88",,"F","F","F","F","5","F","F","F","DENTAL","14","3","4"
"K","K13","F","Otras enfermedades de los labios y de la mucosa bucal","F","F","F","T","F","F","F","F","F","F","11","081","078","182","F","F","999","999","F","F","F","88",,"F","F","F","F","5","F","F","T","DENTAL","14","3","4"
"K","K20X","F","Esofagitis","F","F","F","F","F","F","F","F","F","F","11","081","078","185","F","F","116","116"," 35A"," 35A","120","88","120","F","F","F","F","5","F","F","F","ULCER","15","3","5"
"K","K210","F","Enfermedad del reflujo gastroesofágico con esofagitis","F","F","F","F","F","F","F","F","F","F","11","081","078","185","F","F","116","116"," 35A"," 35A","120","88","120","F","F","F","F","5","F","F","T","ULCER","15","3","5"
"K","K219","F","Enfermedad del reflujo gastroesofágico sin esofagitis","F","F","F","F","F","F","F","F","F","F","11","081","078","185","F","F","116","116"," 35A"," 35A","120","88","120","F","F","F","F","5","F","F","F","ULCER","15","3","5"
"K","K221","F","Úlcera del esófago","F","F","F","F","F","F","F","F","F","F","11","081","078","185","F","F","116","116"," 35A"," 35A","120","88","120","F","F","F","F","5","F","F","F","ULCER","15","3","5"
"K","K226","F","Síndrome de laceración y hemorragia gastroesofágicas","F","F","F","F","F","F","F","F","F","F","11","081","078","185","F","F","116","116"," 35A"," 35A","120","88","120","F","F","F","F","5","F","F","T","ULCER","15","3","5"
"K","K250","F","Úlcera gástrica, aguda con hemorragia","F","028D","120A","F","F","F","F","F","F","F","11","079","078","183","F","F","118","118"," 35D"," 35D","117","88","117","F","T","F","F","5","F","F","T","ULCER","15","3","5"
"K","K251","F","Úlcera gastrica, aguda con perforación","F","028D","120A","F","F","F","F","F","F","F","11","079","078","183","F","F","118","118"," 35D"," 35D","117","88","117","F","T","F","F","5","F","F","T","ULCER","15","3","5"
"K","K252","F","Úlcera gástrica, aguda con hemorragia y perforación","F","028D","120A","F","F","F","F","F","F","F","11","079","078","183","F","F","118","118"," 35D"," 35D","117","88","117","F","T","F","F","5","F","F","F","ULCER","15","3","5"
"K","K254","F","Úlcera gástrica, crónica o no especificada, con hemorragia","F","028D","120A","F","F","F","F","F","F","F","11","079","078","183","F","F","118","118"," 35D"," 35D","117","88","117","F","T","F","F","5","F","F","T","ULCER","15","3","5"
"K","K255","F","Úlcera gástrica, crónica o no especificada, con perforación","F","028D","120A","F","F","F","F","F","F","F","11","079","078","183","F","F","118","118"," 35D"," 35D","117","88","117","F","T","F","F","5","F","F","T","ULCER","15","3","5"
"K","K256","F","Úlcera gástrica, crónica o no especificada, con hemorragia y perforación","F","028D","120A","F","F","F","F","F","F","F","11","079","078","183","F","F","118","118"," 35D"," 35D","117","88","117","F","T","F","F","5","F","F","F","ULCER","15","3","5"
"K","K260","F","Úlcera duodenal, aguda con hemorragia","F","028D","120A","F","F","F","F","F","F","F","11","079","078","183","F","F","118","118"," 35D"," 35D","117","88","117","F","T","F","F","5","F","F","T","ULCER","15","3","5"
"K","K261","F","Úlcera duodenal, aguda con perforación","F","028D","120A","F","F","F","F","F","F","F","11","079","078","183","F","F","118","118"," 35D"," 35D","117","88","117","F","T","F","F","5","F","F","T","ULCER","15","3","5"
"K","K262","F","Úlcera duodenal, aguda con hemorragia y perforación","F","028D","120A","F","F","F","F","F","F","F","11","079","078","183","F","F","118","118"," 35D"," 35D","117","88","117","F","T","F","F","5","F","F","F","ULCER","15","3","5"
"K","K264","F","Úlcera duodenal, crónica o no especificada, con hemorragia","F","028D","120A","F","F","F","F","F","F","F","11","079","078","183","F","F","118","118"," 35D"," 35D","117","88","117","F","T","F","F","5","F","F","T","ULCER","15","3","5"
"K","K265","F","Úlcera duodenal, crónica o no especificada, con perforación","F","028D","120A","F","F","F","F","F","F","F","11","079","078","183","F","F","118","118"," 35D"," 35D","117","88","117","F","T","F","F","5","F","F","T","ULCER","15","3","5"
"K","K266","F","Úlcera duodenal, crónica o no especificada, con hemorragia y perforación","F","028D","120A","F","F","F","F","F","F","F","11","079","078","183","F","F","118","118"," 35D"," 35D","117","88","117","F","T","F","F","5","F","F","F","ULCER","15","3","5"
"K","K270","F","Úlcera péptica, de sitio no especificado, aguda con hemorragia","F","028D","120A","F","F","F","F","F","F","F","11","079","078","183","F","F","118","118"," 35D"," 35D","117","88","117","F","T","F","F","5","F","F","T","ULCER","15","3","5"
"K","K271","F","Úlcera péptica, de sitio no especificado, aguda con perforación","F","028D","120A","F","F","F","F","F","F","F","11","079","078","183","F","F","118","118"," 35D"," 35D","117","88","117","F","T","F","F","5","F","F","T","ULCER","15","3","5"
"K","K272","F","Úlcera péptica, de sitio no especificado, aguda con hemorragia y perforación","F","028D","120A","F","F","F","F","F","F","F","11","079","078","183","F","F","118","118"," 35D"," 35D","117","88","117","F","T","F","F","5","F","F","F","ULCER","15","3","5"
"K","K274","F","Úlcera péptica, de sitio no especificado, crónica o no especificada, con hemorragia","F","028D","120A","F","F","F","F","F","F","F","11","079","078","183","F","F","118","118"," 35D"," 35D","117","88","117","F","T","F","F","5","F","F","T","ULCER","15","3","5"
"K","K275","F","Úlcera péptica, de sitio no especificado, crónica o no especificada, con perforación","F","028D","120A","F","F","F","F","F","F","F","11","079","078","183","F","F","118","118"," 35D"," 35D","117","88","117","F","T","F","F","5","F","F","T","ULCER","15","3","5"
"K","K276","F","Úlcera péptica, de sitio no especificado, crónica o no especificada, con hemorragia y perforación","F","028D","120A","F","F","F","F","F","F","F","11","079","078","183","F","F","118","118"," 35D"," 35D","117","88","117","F","T","F","F","5","F","F","F","ULCER","15","3","5"
"K","K280","F","Úlcera gastroyeyunal, aguda con hemorragia","F","F","F","F","F","F","F","F","F","F","11","081","078","185","F","F","999","999"," 35C"," 35C","120","88","120","F","T","F","F","5","F","F","T","ULCER","15","3","5"
"K","K281","F","Úlcera gastroyeyunal, aguda con perforación","F","F","F","F","F","F","F","F","F","F","11","081","078","185","F","F","999","999"," 35C"," 35C","120","88","120","F","T","F","F","5","F","F","T","ULCER","15","3","5"
"K","K282","F","Úlcera gastroyeyunal, aguda con hemorragia y perforación","F","F","F","F","F","F","F","F","F","F","11","081","078","185","F","F","999","999"," 35C"," 35C","120","88","120","F","T","F","F","5","F","F","F","ULCER","15","3","5"
"K","K284","F","Úlcera gastroyeyunal, crónica o no especificada, con hemorragia","F","F","F","F","F","F","F","F","F","F","11","081","078","185","F","F","999","999"," 35C"," 35C","120","88","120","F","T","F","F","5","F","F","T","ULCER","15","3","5"
"K","K285","F","Úlcera gastroyeyunal, crónica o no especificada, con perforación","F","F","F","F","F","F","F","F","F","F","11","081","078","185","F","F","999","999"," 35C"," 35C","120","88","120","F","T","F","F","5","F","F","T","ULCER","15","3","5"
"K","K286","F","Úlcera gastroyeyunal, crónica o no especificada, con hemorragia y perforación","F","F","F","F","F","F","F","F","F","F","11","081","078","185","F","F","999","999"," 35C"," 35C","120","88","120","F","T","F","F","5","F","F","F","ULCER","15","3","5"
"K","K520","F","Colitis y gastroenteritis debidas a radiación","F","F","F","F","F","F","F","F","F","F","11","081","078","192","F","F","999","999"," 35O"," 35O","120","88","120","F","F","F","F","5","F","F","T","GASTRO","11","3","1"
"K","K521","F","Colitis y gastroenteritis tóxicas","F","F","F","F","F","F","F","F","F","F","11","081","078","192","F","F","999","999"," 35O"," 35O","120","88","120","F","F","F","F","5","F","F","T","GASTRO","11","3","1"
"K","K522","F","Colitis y gastroenteritis alérgicas y dietéticas","F","F","F","F","F","F","F","F","F","F","11","081","078","192","F","F","999","999"," 35O"," 35O","120","88","120","F","F","F","F","5","F","F","T","GASTRO","11","3","1"
"K","K528","F","Otras colitis y gastroenteritis no infecciosas especificadas","F","F","F","F","F","F","F","F","F","F","11","081","078","192","F","F","999","999"," 35O"," 35O","120","88","120","F","F","F","F","5","F","F","T","GASTRO","11","3","1"
"K","K529","F","Colitis y gastroenteritis no infecciosas, no especificadas","F","028D","120A","F","F","F","F","F","F","F","11","081","078","192","F","F","999","999"," 35O"," 35O","120","88","120","F","F","F","F","5","F","F","T","GASTRO","11","3","1"
"K","K920","F","Hematemesis","F","028D","120A","F","F","F","F","F","F","F","11","081","078","197","F","F","999","999"," 35Z"," 35Z","120","88","120","F","F","F","F","2","F","F","T","ULCER","15","3","5"
"K","K921","F","Melena","F","028D","120A","F","F","F","F","F","F","F","11","081","078","197","F","F","999","999"," 35Z"," 35Z","120","88","120","F","F","F","F","2","F","F","T","ULCER","15","3","5"
"K","K922","F","Hemorragia gastrointestinal, no especificada","F","028D","120A","F","F","F","F","F","F","F","11","081","078","197","F","F","999","999"," 35Z"," 35Z","120","88","120","F","F","F","F","2","F","F","T","ULCER","15","3","5"
"L","L010","F","Impétigo [cualquier sitio anatómico] [cualquier organismo]","F","F","F","T","F","F","F","F","F","F","12","082","082","198","F","F","128","128"," 36A"," 36A","125","88","125","F","F","F","F","5","F","F","F","CELL","18","3","8"
"L","L011","F","Impetiginización de otras dermatosis","F","F","F","T","F","F","F","F","F","F","12","082","082","198","F","F","128","128"," 36A"," 36A","125","88","125","F","F","F","F","5","F","F","F","CELL","18","3","8"
"L","L020","F","Absceso cutáneo, furúnculo y ántrax de la cara","F","F","F","T","F","F","F","F","F","F","12","082","082","198","F","F","128","128"," 36A"," 36A","125","88","125","F","F","F","F","5","F","F","F","CELL","18","3","8"
"L","L021","F","Absceso cutáneo, furúnculo y ántrax del cuello","F","F","F","T","F","F","F","F","F","F","12","082","082","198","F","F","128","128"," 36A"," 36A","125","88","125","F","F","F","F","5","F","F","F","CELL","18","3","8"
"L","L022","F","Absceso cutáneo, furúnculo y ántrax del tronco","F","F","F","T","F","F","F","F","F","F","12","082","082","198","F","F","128","128"," 36A"," 36A","125","88","125","F","F","F","F","5","F","F","F","CELL","18","3","8"
"L","L023","F","Absceso cutáneo, furúnculo y ántrax de glúteos","F","F","F","T","F","F","F","F","F","F","12","082","082","198","F","F","128","128"," 36A"," 36A","125","88","125","F","F","F","F","5","F","F","F","CELL","18","3","8"
"L","L024","F","Absceso cutáneo, furúnculo y ántrax de miembro","F","F","F","T","F","F","F","F","F","F","12","082","082","198","F","F","128","128"," 36A"," 36A","125","88","125","F","F","F","F","5","F","F","F","CELL","18","3","8"
"L","L028","F","Absceso cutáneo, furúnculo y ántrax de otros sitios","F","F","F","T","F","F","F","F","F","F","12","082","082","198","F","F","128","128"," 36A"," 36A","125","88","125","F","F","F","F","5","F","F","F","CELL","18","3","8"
"L","L029","F","Absceso cutáneo, furúnculo y ántrax de sitio no especificado","F","F","F","T","F","F","F","F","F","F","12","082","082","198","F","F","128","128"," 36A"," 36A","125","88","125","F","F","F","F","5","F","F","F","CELL","18","3","8"
"L","L03","F","Celulitis","F","F","F","T","F","F","F","F","F","F","12","082","082","198","F","F","128","128","F","F","F","88",,"F","F","F","F","5","F","F","T","CELL","18","3","8"
"L","L04","F","Linfadenitis aguda","F","F","F","T","F","F","F","F","F","F","12","082","082","198","F","F","128","128","F","F","F","88",,"F","F","F","F","1","F","F","F","CELL","18","3","8"
"L","L080","F","Pioderma","F","F","F","T","F","F","F","F","F","F","12","082","082","198","F","F","128","128"," 36A"," 36A","125","88","125","F","F","F","F","1","F","F","F","CELL","18","3","8"
"L","L089","F","Infección local de la piel y del tejido subcutáneo, no especificada","F","F","F","T","F","F","F","F","F","F","12","082","082","198","F","F","128","128"," 36A"," 36A","125","88","125","F","F","F","F","1","F","F","F","CELL","18","3","8"
"L","L88X","F","Pioderma gangrenoso","F","F","F","F","F","F","F","F","F","F","12","082","082","199","F","F","999","999"," 36Z"," 36Z","125","88","125","F","F","F","F","5","F","F","F","CELL","18","3","8"
"L","L980","F","Granuloma piógeno","F","F","F","T","F","F","F","F","F","F","12","082","082","199","F","F","999","999"," 36Z"," 36Z","125","88","125","F","F","F","F","1","F","F","F","CELL","18","3","8"
"N","N10X","F","Nefritis tubulointersticial aguda","F","F","F","F","F","F","F","F","F","F","14","085","084","213","F","F","140","140"," 38D"," 38D","122","53","122","F","F","F","F","5","F","F","T","PYELO","16","3","6"
"N","N11","F","Nefritis tubulointersticial crónica","F","028D","120A","F","F","F","F","F","F","F","14","085","084","213","F","F","140","140","F","F","F","53",,"F","F","F","F","5","F","F","F","PYELO","16","3","6"
"N","N12X","F","Nefritis tubulointersticial, no especificada como aguda o crónica","F","F","F","F","F","F","F","F","F","F","14","085","084","213","F","F","140","140"," 38D"," 38D","122","53","122","F","F","F","F","5","F","F","F","PYELO","16","3","6"
"N","N136","F","Pionefrosis","F","F","F","F","F","F","F","F","F","F","14","085","084","213","F","F","999","999"," 38E"," 38E","122","53","122","F","F","F","F","5","F","F","F","PYELO","16","3","6"
"N","N159","F","Enfermedad renal tubulointersticial, no especificada","F","F","F","F","F","F","F","F","F","F","14","085","084","213","F","F","140","140"," 38D"," 38D","122","53","122","F","F","F","F","5","F","F","F","PYELO","16","3","6"
"N","N300","F","Cistitis aguda","F","F","F","F","F","F","F","F","F","F","14","086","084","216","F","F","143","143"," 38H"," 38H","124","53","124","F","T","F","F","5","F","F","T","PYELO","16","3","6"
"N","N308","F","Otras cistitis","F","F","F","F","F","F","F","F","F","F","14","086","084","216","F","F","143","143"," 38H"," 38H","124","53","124","F","T","F","F","5","F","F","T","PYELO","16","3","6"
"N","N309","F","Cistitis, no especificada","F","F","F","F","F","F","F","F","F","F","14","086","084","216","F","F","143","143"," 38H"," 38H","124","53","124","F","T","F","F","5","F","F","T","PYELO","16","3","6"
"N","N390","F","Infección de vías urinarias, sitio no especificado","F","028D","120A","F","F","F","F","F","F","F","14","086","084","217","F","F","999","999"," 38I"," 38I","124","53","124","F","T","F","F","5","F","F","F","PYELO","16","3","6"
"N","N70","F","Salpingitis y ooforitis","2","F","F","F","F","F","F","F","F","F","14","086","084","224","F","F","149","149","F","F","F","88",,"F","F","F","F","5","F","F","T","PELVIC","17","3","7"
"N","N73","F","Otras enfermedades pélvicas inflamatorias femeninas","2","F","F","F","F","F","F","F","F","F","14","086","084","226","F","F","999","999","F","F","F","88",,"F","F","F","F","5","F","F","T","PELVIC","17","3","7"
"N","N74","F","Trastornos inflamatorios de la pelvis femenina en enfermedades clasificadas en otra parte","2","F","F","F","F","F","F","T","F","F","14","086","F","226","F","F","999","999","41D","F","F","88",,"F","F","F","F","5","F","F","T","PELVIC","17","3","7"
"O","O15","F","Eclampsia","2","010A","054A","F","F","F","T","F","F","F","15","089","087","237","F","F","157","160A","F","F","F","54",,"F","T","F","F","5","F","F","T","EPILEP","12","3","2"
"R","R02X","F","Gangrena, no clasificada en otra parte","F","F","F","F","F","F","F","F","F","F","18","094","094","270","F","F","998","998"," 48Z"," 48Z","164","99","164","F","F","F","F","6","F","F","F","GAN","19","3","9"
"R","R072","F","Dolor precordial","F","F","F","F","F","F","F","F","F","F","18","094","094","270","F","F","998","998"," 48Z"," 48Z","164","99","164","F","F","F","F","6","F","F","T","ANG","08","2","6"
"R","R073","F","Otros dolores en el pecho","F","F","F","F","F","F","F","F","F","F","18","094","094","270","F","F","998","998"," 48Z"," 48Z","164","99","164","F","F","F","F","6","F","F","T","ANG","08","2","6"
"R","R074","F","Dolor en el pecho, no especificado","F","F","F","F","F","F","F","F","F","F","18","094","094","270","F","F","998","998"," 48Z"," 48Z","164","99","164","F","F","F","F","6","F","F","T","ANG","08","2","6"
"R","R560","F","Convulsiones febriles","F","028D","120A","F","F","F","F","F","F","F","18","094","094","270","F","F","998","998"," 48Z"," 48Z","164","99","164","F","F","F","T","6","F","F","T","EPILEP","12","3","2"
"R","R568","F","Otras convulsiones y las no especificadas","F","028D","120A","F","F","F","F","F","F","F","18","094","094","270","F","F","998","998"," 48Z"," 48Z","164","99","164","F","F","F","T","6","F","F","T","EPILEP","12","3","2"
"Z","Z034","F","Observación por sospecha de infarto de miocardio","F","F","F","F","F","F","F","T","F","F","21","F","F","290","F","F","999","999"," V0B","F","F","88","190","F","F","F","F","5","F","F","F","ANG","08","2","6"
"Z","Z035","F","Observación por sospecha de otras enfermedades cardiovasculares","F","F","F","F","F","F","F","T","F","F","21","F","F","290","F","F","999","999"," V0B","F","F","88","190","F","F","F","F","5","F","F","F","ANG","08","2","6"
